cons,N,RnN,dev2,lam2_mean,zero,zero_se,m2,m2_se,lam_min,lam_max,lam_maxdev,th_RnN,th_zero,th_m2
uniform,256,0.0,0.0,1.0,0.0,0.0,1.0,0.0,1.0,1.0,0.0,0.0,0.0,1.0
uniform,512,0.0,0.0,1.0,0.0,0.0,1.0,0.0,1.0,1.0,0.0,0.0,0.0,1.0
uniform,1024,0.0,0.0,1.0,0.0,0.0,1.0,0.0,1.0,1.0,0.0,0.0,0.0,1.0
uniform,2048,0.0,0.0,1.0,0.0,0.0,1.0,0.0,1.0,1.0,0.0,0.0,0.0,1.0
uniform,4096,0.0,0.0,1.0,0.0,0.0,1.0,0.0,1.0,1.0,0.0,0.0,0.0,1.0
uniform,8192,0.0,0.0,1.0,0.0,0.0,1.0,0.0,1.0,1.0,0.0,0.0,0.0,1.0
uniform,16384,0.0,0.0,1.0,0.0,0.0,1.0,0.0,1.0,1.0,0.0,0.0,0.0,1.0
interior,256,0.3984375,0.0025872564935064957,1.0025872564935068,0.15408203125,0.0008898566684277198,1.396328125,0.003699254080673056,0.9375,1.041396103896104,0.06250000000000044,0.4,0.14715177646857694,1.4
interior,512,0.400390625,0.0013042039902280123,1.001304203990228,0.15357421875,0.0006363298969452473,1.39974609375,0.0026632435087764112,0.9558058261758408,1.029510767537305,0.04419417382415913,0.4,0.14715177646857694,1.4
interior,1024,0.400390625,0.000652101995114007,1.000652101995114,0.152548828125,0.00045000483831363715,1.404638671875,0.0020149334729559856,0.96875,1.0208672638436482,0.03125,0.4,0.14715177646857694,1.4
interior,2048,0.39990234375,0.00032538840012205135,1.000325388400122,0.15007568359375,0.0003284420700568392,1.3992724609375,0.0014307230164708135,0.9779029130879204,1.0147253980317277,0.022097086912079456,0.4,0.14715177646857694,1.4
interior,4096,0.39990234375,0.00016269420006102483,1.000162694200061,0.14940185546875,0.00023151350580814708,1.39970947265625,0.0010465651038948469,0.984375,1.0104124288039056,0.015624999999999778,0.4,0.14715177646857694,1.4
interior,8192,0.4000244140625,8.138848709308127e-05,1.0000813884870932,0.148814697265625,0.00015080205946732607,1.39997314453125,0.0007241855879407145,0.9889514565439602,1.007366444945156,0.011048543456039561,0.4,0.14715177646857694,1.4
interior,16384,0.4000244140625,4.0694243546541374e-05,1.0000406942435465,0.14834930419921874,0.00011659281003524293,1.39982177734375,0.0005202615305184672,0.9921875,1.0052088631739573,0.007812499999999889,0.4,0.14715177646857694,1.4
endpoint,256,0.99609375,0.0038909912109375,1.0038909912109375,0.36859375,0.0013494877936744674,2.003359375,0.006157675805956798,0.99609375,1.99609375,0.99609375,1.0,0.36787944117144233,2.0
endpoint,512,0.998046875,0.001949310302734375,1.0019493103027344,0.368125,0.0009805743598525405,1.9991015625,0.00427044661271439,0.998046875,1.998046875,0.998046875,1.0,0.36787944117144233,2.0
endpoint,1024,0.9990234375,0.0009756088256835938,1.0009756088256836,0.3669140625,0.0006753118536193622,1.9966796875,0.0030480814657356434,0.9990234375,1.9990234375,0.9990234375,1.0,0.36787944117144233,2.0
endpoint,2048,0.99951171875,0.00048804283142089844,1.000488042831421,0.36798583984375,0.0004686392840267364,2.0002880859375,0.0021226620296737305,0.99951171875,1.99951171875,0.99951171875,1.0,0.36787944117144233,2.0
endpoint,4096,0.999755859375,0.0002440810203552246,1.0002440810203552,0.36775634765625,0.0003168685870211536,1.9978955078125,0.0014783073089074117,0.999755859375,1.999755859375,0.999755859375,1.0,0.36787944117144233,2.0
endpoint,8192,0.9998779296875,0.00012205541133880615,1.0001220554113388,0.3675299072265625,0.0002487524499324856,1.999764404296875,0.0011089462410461385,0.9998779296875,1.9998779296875,0.9998779296875,1.0,0.36787944117144233,2.0
endpoint,16384,0.99993896484375,6.103143095970154e-05,1.0000610314309597,0.36799957275390627,0.00017839842194954426,2.000748291015625,0.0007840476957011294,0.99993896484375,1.99993896484375,0.99993896484375,1.0,0.36787944117144233,2.0
