c,q0_emp,q0_se,q0_th
0.35,0.0,0.0,0.0
0.45,0.0,0.0,0.0
0.55,0.0,0.0,0.0
0.6,0.0,0.0,0.0
0.6321,0.002030796814849971,0.00017213370885857623,0.0
0.66,0.04222979797979798,0.0002714513000286747,0.04224157753248847
0.72,0.12202638888888889,0.00023542316493981713,0.12205477940478093
0.8,0.20996625,0.0002319663270418164,0.20984930146430292
0.9,0.29749666666666663,0.0002031140401880108,0.2976438235238248
1.0,0.368033,0.0001880677817276759,0.36787944117144233
1.08,0.41479814814814814,0.00017601752218789315,0.41470318626985403
1.15,0.45029420289855066,0.00016058232701903757,0.45032994884473243
