c,lmin_med,lmin_q1,lmin_q3,bench,edge_true
0.35,0.05905652497453634,0.055173141489848296,0.06203096921756198,0.041392764852010634,0.056065603594890455
0.45,0.021657890089687562,0.020176492746422192,0.023488026041055807,0.015435504142122209,0.02057990726635712
0.55,0.003994307334289439,0.0034052283025355315,0.0047133077106273884,0.002855860203678592,0.0037581651574246084
0.6,0.0008937458023087498,0.0007111146243176577,0.0010558238985108365,0.00041875190102928523,0.0005478785997394195
0.6321,8.463211822622697e-05,2.385511717090583e-05,0.00013777106687386885,1.6716443532860376e-10,0.0
0.66,0.00036517871611183364,0.0001923464130692853,0.0005447651242854438,0.0003008054158022382,0.0003910537630493552
0.72,0.003593921251537758,0.0031559852140079056,0.004316485162401258,0.0028588312803973187,0.00369475265888091
0.8,0.014328802427269277,0.013132150644450287,0.014989179030977101,0.009873819246643718,0.012669852343491272
0.9,0.03049901359891264,0.02883891524812065,0.03126359557744384,0.023600087710314063,0.03004060416062571
1.0,0.054277061087059236,0.049542956547901744,0.05957288176257129,0.042000363587257464,0.05307878487701101
1.08,0.07948856790801112,0.07601573962150374,0.08136865133534774,0.059619177848992816,0.07495005196738597
1.15,0.0972103734467484,0.09563890601421246,0.10370997301789284,0.07690662192463792,0.09627007849776853
